Top pages,Clicks,Impressions,CTR,Position
https://moldovawebsite.md/preturi/,14,1409,0.99%,23.2
https://moldovawebsite.md/,6,1601,0.37%,29.73
https://moldovawebsite.md/ru/preturi/,4,202,1.98%,23.98
https://moldovawebsite.md/ru/,2,425,0.47%,43.32
https://moldovawebsite.md/serviciiBlog/magazin-online/,2,280,0.71%,27.05
https://moldovawebsite.md/serviciiBlog/seo-on-page/,1,358,0.28%,47.39
https://moldovawebsite.md/ru/serviciiBlog/,1,42,2.38%,68.19
https://moldovawebsite.md/contact/,1,13,7.69%,13.15
https://moldovawebsite.md/ru/serviciiBlog/magazin-online/,0,181,0%,37.92
https://moldovawebsite.md/ru/seo-moldova/,0,70,0%,79.66
https://moldovawebsite.md/seo-moldova/,0,53,0%,71.64
https://moldovawebsite.md/serviciiBlog/dezvoltare-web/,0,40,0%,37.33
https://moldovawebsite.md/ru/serviciiBlog/seo-on-page/,0,28,0%,66.39
https://moldovawebsite.md/serviciiBlog/,0,19,0%,46.63
https://moldovawebsite.md/ru/sozdanie-saitov-kishinev/,0,15,0%,73.27
https://moldovawebsite.md/ru/serviciiBlog/design-web/,0,11,0%,22.36
https://moldovawebsite.md/ru/serviciiBlog/dezvoltare-web/,0,11,0%,31
https://moldovawebsite.md/blog/cat-costa-site-moldova-2026/,0,9,0%,53.89
https://moldovawebsite.md/ru/politica-confidentialitate/,0,8,0%,7.75
https://moldovawebsite.md/politica-confidentialitate/,0,8,0%,9.25
https://moldovawebsite.md/ru/contact/,0,8,0%,12.5
https://moldovawebsite.md/site-la-comanda/,0,7,0%,30.43
https://moldovawebsite.md/ru/web-design-kishinev/,0,4,0%,66
https://moldovawebsite.md/termeni/,0,3,0%,5
https://moldovawebsite.md/ru/termeni/,0,3,0%,9
https://moldovawebsite.md/ru/serviciiBlog/mentenanta/,0,3,0%,24
https://moldovawebsite.md/termeni,0,2,0%,5.5
https://moldovawebsite.md/serviciiBlog/mentenanta,0,2,0%,12.5
https://moldovawebsite.md/web-design-moldova/,0,2,0%,63.5
https://moldovawebsite.md/serviciiBlog/design-web/,0,1,0%,10