Top queries,Clicks,Impressions,CTR,Position
site la comanda,2,2,100%,25
creare site,1,155,0.65%,35.64
creare site moldova,1,87,1.15%,32.06
creare website moldova,1,38,2.63%,26.61
creare website pret,1,3,33.33%,4
site web pret,1,3,33.33%,4.67
pret creare site,0,152,0%,14.5
creare site web,0,142,0%,33.65
creare site web pret,0,139,0%,11.76
creare site chisinau,0,105,0%,37.71
realizare site web preturi,0,83,0%,8.14
creare site pret,0,65,0%,13.15
creare website,0,64,0%,37.05
seo moldova,0,64,0%,46.03
pret creare website,0,59,0%,7.61
creare magazin online moldova,0,56,0%,28.48
создание сайта кишинев,0,55,0%,50.53
servicii creare site,0,51,0%,34.16
pret creare site moldova,0,49,0%,18.49
creare magazin online chișinău,0,41,0%,25.63
создание интернет магазина молдова,0,41,0%,26.71
создание сайтов кишинев,0,40,0%,50.2
разработка сайтов молдова,0,39,0%,53.92
creare site web moldova,0,36,0%,30.42
создание интернет магазина кишинев,0,35,0%,32.34
разработка интернет магазина,0,34,0%,79.35
сайт на заказ молдова,0,33,0%,23.97
dezvoltare magazin online moldova,0,32,0%,34.62
creare magazin online,0,30,0%,30.27
seo chisinau,0,30,0%,48.67
creare siteuri,0,29,0%,46.83
crearea site urilor moldova,0,28,0%,44.32
crearea site,0,26,0%,20.81
dezvoltare site moldova,0,26,0%,37.65
creare site web chișinău,0,25,0%,30.32
создать сайт кишинев,0,25,0%,38.4
creare website chisinau,0,24,0%,36.79
oferta creare site web,0,23,0%,24.65
создание сайта молдова,0,23,0%,36.39
servicii seo chisinau,0,23,0%,47.22
pagina web pret,0,22,0%,10.91
seo optimizare moldova,0,22,0%,32.14
поддержка веб-сайтов в молдове,0,22,0%,33.45
создание сайтов молдова,0,22,0%,37.82
creare site ieftin,0,20,0%,22.1
servicii seo,0,20,0%,60.45
companie creare site moldova,0,19,0%,30.32
dezvoltare magazin online chișinău,0,18,0%,35.56
crearea site web,0,18,0%,44.33
dezvoltare site chișinău,0,17,0%,38.94
creare site companie,0,16,0%,29.5
creare site la comandă,0,16,0%,32.62
site web,0,15,0%,4.4
companie creare site chișinău,0,15,0%,30.93
creare site chișinău,0,15,0%,32.2
dezvoltare site la comandă,0,15,0%,38.4
realizare site web,0,15,0%,46.6
creare site web chisinau,0,14,0%,31.93
serviciu seo,0,14,0%,38.57
dezvoltarea site-ului,0,14,0%,40.79
создание сайтов в молдове,0,14,0%,55.07
разработка сайта кишинев,0,14,0%,59.21
oferta site,0,13,0%,16.46
optimizare website,0,13,0%,44.62
разработка сайтов кишинев,0,13,0%,63.69
продвижение сайтов в молдове,0,13,0%,82.62
creare site uri web,0,12,0%,27.75
servicii seo profesionale md,0,12,0%,33.83
crearea site urilor web moldova,0,12,0%,38.08
comanda site,0,12,0%,39.08
создание веб-сайтов кишинев,0,12,0%,55.75
realizare site,0,11,0%,47.45
servicii de optimizare seo,0,11,0%,54.27
creare site online,0,10,0%,31.7
разработка сайта молдова,0,10,0%,36.6
vanzari online,0,10,0%,41.3
landing page moldova,0,10,0%,44.5
сколько стоит сайт,0,10,0%,61.4
разработка интернет магазина кишинев,0,10,0%,69.6
servicii seo profesionale moldova,0,9,0%,23.33
dezvoltare magazin online,0,9,0%,28
servicii seo profesionale chisinau,0,9,0%,30.78
сайт на заказ кишинев,0,9,0%,31.78
site web creare,0,9,0%,36
creare site la comanda,0,9,0%,38.89
agentie servicii seo,0,9,0%,45.78
servicii de seo,0,9,0%,47.33
цена создания сайта,0,9,0%,48.67
website la comanda,0,9,0%,52.22
servicii optimizare,0,8,0%,36.62
crearea site-urilor web moldova,0,8,0%,37.88
dezvoltare site web,0,8,0%,41.5
servicii optimizare site,0,8,0%,44.62
companie seo,0,8,0%,55.38
optimizari seo,0,8,0%,57.5
agentie de seo,0,8,0%,69
creatie site web,0,7,0%,35.29
dezvoltare site,0,7,0%,40.29
создание веб-сайтов в молдове,0,7,0%,45.86
servicii optimizare seo,0,7,0%,60.57
servicii web design,0,7,0%,62.14
agentie optimizare seo,0,7,0%,76.14
заказать сайт,0,7,0%,77
cat costa un site web,0,6,0%,5
creare site web magazin online,0,6,0%,29
раскрутка сайтов молдова,0,6,0%,51.33
agentie seo,0,6,0%,71.5
promovare site moldova,0,6,0%,77.5
продвижение сайтов молдова,0,6,0%,90.5
optimizare site web,0,5,0%,35.2
разработка сайтов в молдове,0,5,0%,39
optimizare site,0,5,0%,40.2
firma seo,0,5,0%,40.6
landing page chisinau,0,5,0%,53.8
creare site fonduri,0,5,0%,66.4
продвижение сайта в молдове,0,5,0%,90.4
creare magazin online pret,0,4,0%,8.5
creare site uri web profesionale,0,4,0%,20.5
creare magazin online chisinau,0,4,0%,24.25
creare site profesional,0,4,0%,41.25
will servicii de seo md,0,4,0%,48.5
создание сайтов в кишиневе,0,4,0%,49.5
landing page md,0,4,0%,55.75
web design moldova,0,4,0%,58
promovare seo moldova,0,4,0%,59.25
web design chisinau,0,4,0%,59.25
разработка сайтов в кишиневе,0,4,0%,60
seo servicii,0,4,0%,63.75
разработка сайтов,0,4,0%,69.75
seo agentie,0,4,0%,77
продвижение сайтов в кишиневе,0,4,0%,86.5
oferta creare site,0,3,0%,2.33
pret site,0,3,0%,3.67
cât costă,0,3,0%,8.33
site la comandă,0,3,0%,17
creare site uri,0,3,0%,18.33
dezvoltare web,0,3,0%,33
produse online,0,3,0%,34
crearea site-ului,0,3,0%,57
servicii seo profesionale,0,3,0%,63.33
agenție seo,0,3,0%,66
продвижение сайта кишинев,0,3,0%,66.33
firma optimizare seo,0,3,0%,84.67
создание интернет магазинов,0,3,0%,89.67
preturi pentru magazin,0,2,0%,7.5
preturi seo,0,2,0%,15.5
сайты на заказ,0,2,0%,20
site-uri la comandă,0,2,0%,29
servicii seo performante,0,2,0%,56.5
создание сайтов,0,2,0%,63.5
site online,0,2,0%,67.5
разработка+интернет+магазина,0,2,0%,71.5
consultanta seo,0,2,0%,73
servicii seo agentie,0,2,0%,73.5
agentii seo,0,2,0%,74
seo услуги,0,2,0%,74
firme seo,0,2,0%,76
soluții scalabile shopify,0,2,0%,77
cunostinte seo,0,2,0%,81
seo promovare,0,2,0%,88
сколько стоит сделать сайт под ключ,0,1,0%,1
créations site internet,0,1,0%,2
pret creare site web,0,1,0%,2
pret website,0,1,0%,2
site prezentare pret,0,1,0%,2
web design preturi,0,1,0%,2
pentru site,0,1,0%,3
preturi site,0,1,0%,3
cost creare site,0,1,0%,4
servicii mentenanta website,0,1,0%,4
site pret,0,1,0%,4
сайт цены,0,1,0%,4
creare site rapid,0,1,0%,5
pretul unui site web,0,1,0%,5
în moldova,0,1,0%,5
preturi website,0,1,0%,6
разработка сайтов цена,0,1,0%,6
crearea unui website,0,1,0%,7
site,0,1,0%,7
website copy,0,1,0%,8
compara preturi moldova,0,1,0%,9
web услуги,0,1,0%,9
website md,0,1,0%,9
creare saituri,0,1,0%,10
cat costa un site magazin online,0,1,0%,11
cat costa un website,0,1,0%,11
web,0,1,0%,11
website pret,0,1,0%,11
exemple site,0,1,0%,17
веб дизайн услуги,0,1,0%,18
firma de incredere seo,0,1,0%,19
creeare site,0,1,0%,20
creare sait,0,1,0%,21
creare web site chisinau,0,1,0%,23
ioana radu 27/2,0,1,0%,23
creare site-uri web,0,1,0%,24
creare site md,0,1,0%,29
crearea site-urilor web,0,1,0%,30
создать сайт молдова,0,1,0%,31
servicii dezvoltare web,0,1,0%,33
md seo,0,1,0%,35
website prezentare,0,1,0%,36
seo продвижение веб-сайтов в молдове,0,1,0%,39
will servicii de seo moldova,0,1,0%,40
magazineonline md,0,1,0%,44
поддержка веб-сайтов на wordpress в молдове,0,1,0%,44
стоимость создания сайта,0,1,0%,44
"платформы or инструменты для запуска интернет-магазина -форумы -рейтинг 
-отзывы -обзоры -новости -news -blog -блоги -статьи -публикации -издания 
-медиаресурсы -журнал -газета -редакция",0,1,0%,47
создание веб-сайтов на wordpress в молдове,0,1,0%,47
создать сайт цена,0,1,0%,48
cursuri seo chisinau,0,1,0%,51
разработка сайта цена,0,1,0%,54
optimizare seo,0,1,0%,60
seo optimizare site,0,1,0%,72
agentie web design,0,1,0%,74
seo,0,1,0%,74
site companie,0,1,0%,76
web design agency,0,1,0%,76
crearea siteului,0,1,0%,80
servicii seo preturi,0,1,0%,80
crearea site urilor web,0,1,0%,81
інтрнет магазин,0,1,0%,82
agentie de optimizare seo,0,1,0%,84
web design company,0,1,0%,85
seo company,0,1,0%,87
стоимость интернет магазина,0,1,0%,87
seo agency,0,1,0%,88
seo services,0,1,0%,91
promovarea seo,0,1,0%,95
seo оптимизация кишинев,0,1,0%,107